{
  "urls": [
    "assets/audio/sfx/sprite/sfx.ogg",
    "assets/audio/sfx/sprite/sfx.m4a",
    "assets/audio/sfx/sprite/sfx.mp3",
    "assets/audio/sfx/sprite/sfx.ac3"
  ],
  "sprite": {
    "collectible": [
      0,
      1306.1224489795918
    ],
    "jump_01": [
      3000,
      2063.673469387755
    ],
    "land_01": [
      7000,
      1436.7346938775504
    ],
    "rocket_01": [
      10000,
      5590.204081632653
    ],
    "roll_01": [
      17000,
      1802.448979591837
    ],
    "success_01": [
      20000,
      1906.9387755102057
    ],
    "tilt_01": [
      23000,
      1802.448979591837
    ],
    "turn_01": [
      26000,
      1384.489795918366
    ],
    "turn_02": [
      29000,
      1384.489795918366
    ]
  }
}