{
  "urls": [
    "assets/audio/sfx/sprite/sfx.ogg",
    "assets/audio/sfx/sprite/sfx.m4a",
    "assets/audio/sfx/sprite/sfx.mp3",
    "assets/audio/sfx/sprite/sfx.ac3"
  ],
  "sprite": {
    "buttonpress": [
      0,
      179.00226757369614
    ],
    "buttonup": [
      2000,
      146.37188208616791
    ],
    "collectible": [
      4000,
      1306.1224489795916
    ],
    "jump_01": [
      7000,
      2063.673469387755
    ],
    "land_01": [
      11000,
      1436.7346938775504
    ],
    "rocket_01": [
      14000,
      5590.204081632653
    ],
    "roll_01": [
      21000,
      1802.448979591837
    ],
    "success_01": [
      24000,
      1906.9387755102057
    ],
    "tilt_01": [
      27000,
      1802.448979591837
    ],
    "turn_01": [
      30000,
      1384.489795918366
    ],
    "turn_02": [
      33000,
      1384.4897959183697
    ]
  }
}